{
  "cordova-plugin-whitelist": {
    "source": {
      "type": "registry",
      "id": "cordova-plugin-whitelist@1.3.3"
    },
    "is_top_level": true,
    "variables": {}
  },
  "cordova-plugin-statusbar": {
    "source": {
      "type": "registry",
      "id": "cordova-plugin-statusbar@2.4.2"
    },
    "is_top_level": true,
    "variables": {}
  },
  "cordova-plugin-device": {
    "source": {
      "type": "registry",
      "id": "cordova-plugin-device@2.0.2"
    },
    "is_top_level": true,
    "variables": {}
  },
  "cordova-plugin-splashscreen": {
    "source": {
      "type": "registry",
      "id": "cordova-plugin-splashscreen@5.0.2"
    },
    "is_top_level": true,
    "variables": {}
  },
  "cordova-plugin-ionic-webview": {
    "source": {
      "type": "registry",
      "id": "cordova-plugin-ionic-webview@^4.0.0"
    },
    "is_top_level": true,
    "variables": {
      "ANDROID_SUPPORT_ANNOTATIONS_VERSION": "27.+"
    }
  },
  "cordova-plugin-ionic-keyboard": {
    "source": {
      "type": "registry",
      "id": "cordova-plugin-ionic-keyboard@^2.0.5"
    },
    "is_top_level": true,
    "variables": {}
  },
  "cordova-sms-plugin": {
    "source": {
      "type": "registry",
      "id": "cordova-sms-plugin@^1.0.0"
    },
    "is_top_level": true,
    "variables": {}
  }
}